{
  "transfer_sizes": [
    16777216,
    33554432,
    67108864,
    134217728,
    268435456,
    536870912,
    1073741824
  ],
  "thread_counts": [
    1,
    4,
    16,
    64
  ],
  "system_info": {
    "cpu_count": 64,
    "cpu_count_logical": 128,
    "memory_total": 540617457664,
    "num_gpus": 2
  },
  "gpu_bandwidths": {
    "1": {
      "0": [
        2.3054530361489074,
        2.365038491908042,
        2.2263107340273365,
        2.2664545013780932,
        2.317857242817184,
        2.3555694843196306,
        2.389330800372393
      ],
      "1": [
        2.380835053447281,
        2.590984901488968,
        2.1868172734598184,
        2.290191423062148,
        2.3259285926585633,
        2.3756961080625754,
        2.409744137009005
      ]
    },
    "4": {
      "0": [
        2.79935104521063,
        2.6356922697514658,
        2.168825409079483,
        2.3101206752819183,
        2.3536721461858754,
        2.343522487909792,
        2.380630154725198
      ],
      "1": [
        2.7268960785864307,
        2.8320128630927206,
        2.173656015262352,
        2.3403111351205683,
        2.3556531373870393,
        2.359306242752543,
        2.3952284661385748
      ]
    },
    "16": {
      "0": [
        2.6265665514800385,
        2.3772710793623597,
        2.165664010431087,
        2.2673153394215695,
        2.321935153662589,
        2.3791414849476444,
        2.383789508199429
      ],
      "1": [
        2.571115068170741,
        2.5094281423821108,
        2.1710044412451177,
        2.3038134910484214,
        2.3380198261105045,
        2.3918385836936684,
        2.422997205742378
      ]
    },
    "64": {
      "0": [
        3.2061519377873804,
        2.4684713411915027,
        2.146596715505475,
        2.3860224833013977,
        2.3264202180814864,
        2.3616092091284098,
        2.397540320803224
      ],
      "1": [
        3.124186211989149,
        2.6040996111421366,
        2.129950712593482,
        2.3702089866079405,
        2.344792329077719,
        2.362107063371347,
        2.408854000336523
      ]
    }
  },
  "aggregate_bandwidth": {
    "1": [
      0.3320784063774328,
      0.35482073587809276,
      0.4145093348718571,
      0.4235881162534093,
      0.4461019184766054,
      0.4628294184626613,
      0.4558831658847866
    ],
    "4": [
      0.49504428198899114,
      0.4746418238885484,
      0.5665337123840424,
      0.5712223086024519,
      0.6109877520049176,
      0.628160268026783,
      0.6429337021625329
    ],
    "16": [
      0.4839974340877857,
      0.4716641711848689,
      0.5505820766918177,
      0.5678630650277787,
      0.616486115596871,
      0.6468501497091496,
      0.6615946227234015
    ],
    "64": [
      0.49216819445966875,
      0.4628239820656279,
      0.5598222545538373,
      0.5822952984086759,
      0.6140470470934816,
      0.6400682622049876,
      0.6571033779493224
    ]
  },
  "cpu_usage": {
    "1": {
      "16": {
        "avg": 0.0,
        "max": 0.0
      },
      "32": {
        "avg": 1.45,
        "max": 1.7
      },
      "64": {
        "avg": 1.75,
        "max": 2.3
      },
      "128": {
        "avg": 1.5499999999999998,
        "max": 1.7
      },
      "256": {
        "avg": 1.522727272727273,
        "max": 1.8
      },
      "512": {
        "avg": 1.7142857142857144,
        "max": 2.6
      },
      "1024": {
        "avg": 1.6226190476190476,
        "max": 3.1
      }
    },
    "4": {
      "16": {
        "avg": 0.85,
        "max": 1.0
      },
      "32": {
        "avg": 1.4,
        "max": 1.7
      },
      "64": {
        "avg": 1.3499999999999999,
        "max": 1.5
      },
      "128": {
        "avg": 1.5,
        "max": 1.7
      },
      "256": {
        "avg": 1.518181818181818,
        "max": 1.7
      },
      "512": {
        "avg": 1.8181818181818183,
        "max": 2.6
      },
      "1024": {
        "avg": 1.5773809523809526,
        "max": 2.2
      }
    },
    "16": {
      "16": {
        "avg": 1.1,
        "max": 1.4
      },
      "32": {
        "avg": 2.2,
        "max": 2.6
      },
      "64": {
        "avg": 1.9500000000000002,
        "max": 2.5
      },
      "128": {
        "avg": 1.5,
        "max": 1.7
      },
      "256": {
        "avg": 1.5136363636363637,
        "max": 2.2
      },
      "512": {
        "avg": 1.557142857142857,
        "max": 2.5
      },
      "1024": {
        "avg": 1.6792973286875728,
        "max": 2.6
      }
    },
    "64": {
      "16": {
        "avg": 1.45,
        "max": 1.7
      },
      "32": {
        "avg": 1.55,
        "max": 1.8
      },
      "64": {
        "avg": 1.3333333333333333,
        "max": 1.5
      },
      "128": {
        "avg": 1.5083333333333333,
        "max": 2.0
      },
      "256": {
        "avg": 1.5909090909090908,
        "max": 2.3
      },
      "512": {
        "avg": 1.5856060606060605,
        "max": 2.0
      },
      "1024": {
        "avg": 1.667392566782811,
        "max": 2.6
      }
    }
  },
  "ram_usage": {
    "1": {
      "16": {
        "avg_percent": 2.6,
        "max_percent": 2.6,
        "avg_gb": 13.090720306396486
      },
      "32": {
        "avg_percent": 2.7,
        "max_percent": 2.7,
        "avg_gb": 13.594209548950197
      },
      "64": {
        "avg_percent": 2.7000000000000006,
        "max_percent": 2.7,
        "avg_gb": 13.594209548950197
      },
      "128": {
        "avg_percent": 2.8000000000000003,
        "max_percent": 2.8,
        "avg_gb": 14.097698791503904
      },
      "256": {
        "avg_percent": 2.8999999999999995,
        "max_percent": 2.9,
        "avg_gb": 14.601188034057618
      },
      "512": {
        "avg_percent": 3.173809523809524,
        "max_percent": 3.2,
        "avg_gb": 15.979789531526109
      },
      "1024": {
        "avg_percent": 3.7226190476190473,
        "max_percent": 3.8,
        "avg_gb": 18.742986446017312
      }
    },
    "4": {
      "16": {
        "avg_percent": 3.5,
        "max_percent": 3.5,
        "avg_gb": 17.622123489379884
      },
      "32": {
        "avg_percent": 3.5,
        "max_percent": 3.5,
        "avg_gb": 17.622123489379884
      },
      "64": {
        "avg_percent": 3.5,
        "max_percent": 3.5,
        "avg_gb": 17.622123489379884
      },
      "128": {
        "avg_percent": 3.5833333333333335,
        "max_percent": 3.6,
        "avg_gb": 18.041697858174647
      },
      "256": {
        "avg_percent": 3.6090909090909093,
        "max_percent": 3.7,
        "avg_gb": 18.171384481256656
      },
      "512": {
        "avg_percent": 3.6045454545454545,
        "max_percent": 3.7,
        "avg_gb": 18.148498606595126
      },
      "1024": {
        "avg_percent": 3.6904761904761902,
        "max_percent": 3.8,
        "avg_gb": 18.58115061805362
      }
    },
    "16": {
      "16": {
        "avg_percent": 3.5,
        "max_percent": 3.5,
        "avg_gb": 17.622123489379884
      },
      "32": {
        "avg_percent": 3.5,
        "max_percent": 3.5,
        "avg_gb": 17.622123489379884
      },
      "64": {
        "avg_percent": 3.5,
        "max_percent": 3.5,
        "avg_gb": 17.622123489379884
      },
      "128": {
        "avg_percent": 3.575,
        "max_percent": 3.6,
        "avg_gb": 17.999740421295172
      },
      "256": {
        "avg_percent": 3.6,
        "max_percent": 3.6,
        "avg_gb": 18.125612731933593
      },
      "512": {
        "avg_percent": 3.6309523809523805,
        "max_percent": 3.7,
        "avg_gb": 18.281454640343075
      },
      "1024": {
        "avg_percent": 3.7518292682926826,
        "max_percent": 3.9,
        "avg_gb": 18.890056764835265
      }
    },
    "64": {
      "16": {
        "avg_percent": 3.6,
        "max_percent": 3.6,
        "avg_gb": 18.125612731933597
      },
      "32": {
        "avg_percent": 3.6,
        "max_percent": 3.6,
        "avg_gb": 18.125612731933597
      },