BatchSize_KB,GDS_BW_Mean_GBs,GDS_BW_Min_GBs,GDS_BW_Max_GBs,GDS_BW_Std_GBs,Pipeline_Time_Mean_s,Pipeline_Time_Min_s,Pipeline_Time_Max_s,Pipeline_Time_Std_s,NumBatches
16384,4.397197929848479,0.5645677222293602,4.903488958950856,1.2807175776485342,0.3906320333480835,0.21897506713867188,1.9018831253051758,0.5037681645574471,64
32768,5.040235261252823,4.754524407500757,5.189333758177321,0.16079448811995936,0.2132568836212158,0.20691323280334473,0.22583580017089844,0.006985303684596691,32
65536,5.002001544488734,4.873260827435625,5.12581165220882,0.08087966657928926,0.2147186279296875,0.20947742462158203,0.22033333778381348,0.003475690092023762,16
131072,5.520293946264555,5.285939872218292,5.775674639751942,0.16889639422285163,0.19468846321105956,0.18590760231018066,0.20313167572021484,0.005897104340007238,8
262144,5.897650499061889,5.551028803292575,6.101934159060695,0.16573740585112212,0.18220961093902588,0.17596745491027832,0.19343113899230957,0.005231806539184714,4
524288,6.019949920685866,5.804662480386895,6.205955197633282,0.11225640875106122,0.178426194190979,0.1730179786682129,0.18497920036315918,0.0033407336434946163,2
1048576,6.05584888131536,5.433014562558203,6.485533163361683,0.3411897543996811,0.1778940439224243,0.1655595302581787,0.1976327896118164,0.01043748919639466,1
