BatchSize_KB,GDS_BW_Mean_GBs,GDS_BW_Min_GBs,GDS_BW_Max_GBs,GDS_BW_Std_GBs,Pipeline_Time_Mean_s,Pipeline_Time_Min_s,Pipeline_Time_Max_s,Pipeline_Time_Std_s,NumBatches
16384,4.335131850240561,0.5757992004796149,4.842070004849484,1.2541235977525527,0.3898284435272217,0.22175264358520508,1.8647851943969727,0.49165812433104533,64
32768,4.873080778374084,4.749349993430568,5.059161308096496,0.0910666345772981,0.22041778564453124,0.21223711967468262,0.22608184814453125,0.0040840865444601564,32
65536,4.906347351447712,4.618403911810276,5.068630253510873,0.12734247371472918,0.21899826526641847,0.21184062957763672,0.23249197006225586,0.005812119218868354,16
131072,5.4693514972235935,5.257480232930927,5.678533672474941,0.13753993756774327,0.1964444637298584,0.1890878677368164,0.20423126220703125,0.004959802035231446,8
262144,5.6595769547816435,5.265883683512012,5.814607566079253,0.15147977300991514,0.18986327648162843,0.1846628189086914,0.20390534400939941,0.005310301440781359,4
524288,5.902612419473168,5.649165692279367,6.114368995561116,0.14453085031787113,0.1820188045501709,0.17560958862304688,0.19007086753845215,0.004461506371753482,2
1048576,6.150200818094623,5.6507108902172725,6.710582813734219,0.2642416029625569,0.17490859031677247,0.16000723838806152,0.190018892288208,0.0075140884087127316,1
