BlockSize_MB,read_mean,read_std,read_min,read_max,mmap_mean,mmap_std,mmap_min,mmap_max
16,847.4486396777633,174.17557767444805,370.83407607395117,993.3943002310375,1763.9598482969657,227.91733453694292,1088.4621041811738,1885.4204080215475
32,1493.640136035425,115.72579153196003,1224.078699062694,1624.9097033701032,2978.803294874174,61.49949896931295,2892.6943294419502,3096.5642267428825
64,2461.9636671055378,228.27206052058074,1800.2652409827945,2642.178515328884,4174.405621875347,107.19136647274611,3979.6654017267765,4416.275354487225
128,3731.247294224614,587.3818549311337,2000.4867433908453,4070.2873761920177,5408.487888717931,96.92648892660324,5272.635412881118,5643.066935225696
256,5128.259796621454,892.7887089502699,2471.8951793317406,5580.749952895631,6765.192137500715,97.18931118131174,6577.332445790181,6909.775418621456
512,6304.920665938942,1204.3932856411232,2703.8057908844503,6869.35457677253,7816.136880297471,99.28008574820525,7627.697450549888,7967.870186077988
1024,13829.511613430717,2909.3525159252936,5137.10125593284,15322.086950954943,13509.265471893363,204.7227668818516,13029.005123227607,13732.12478670563
